N°,Columna1,Zona,Alimanetador,Porcion,Un.lect.,DC/CT,MES,Orden Antigua,Tp.tarifa,Contrato,Aparato,Int.cial.,Nombre de pila,Direccion,Marca y Fabricante Aparato,Factor  de calculo,Tipo de medicion,Ejecutor
330,1,ST,AL011,ST_78,ST_78_02,CT900152,FEBRERO,,G_MMP,207061601,149479,1378127,"PRODIMEL, S.A. DE C.V.",4° CALLE PONIENTE/9--12/0511/SANTA TECLA/SANTA TECLA,LANDIS + GYR/RXRS4,1,AUTOCONTENIDA,
301,1,ST,AL011,ST_03,ST_03_08,CT900276,FEBRERO,,G_MMH,206392201,478718,1374695,OPERADORA DEL SUR S.A. DE C.V.,2° CALLE ORIENTE/9126-FI/0511/SANTA TECLA/SANTA TECLA,LANDIS + GYR/FOCUS RXR F12S,1,AUTOCONTENIDA,
298,1,ST,AL011,ST_02,ST_02_13,CT901451,FEBRERO,,G_MMH,205997201,148620,1377174,LA DESPENSA DE DON JUAN S.A. DE C.V.,2° CALLE  PONIENTE/1-/0511/SANTA TECLA/SANTA TECLA,SIEMENS/RXRS4 200A (233E),1,AUTOCONTENIDA,
331,1,ST,AL011,ST_78,ST_78_17,DS100154,FEBRERO,,E_MBP,200003801,149879,1376106,ANDA R. METROPOLITANA MAYORES,4° CALLE PONIENTE/31073-FNAL/0511/SANTA TECLA/COLONIA  LAS DELICIAS,LANDIS + GYR/RXRS4,1,AUTOCONTENIDA,
344,1,ST,AL012,ST_78,ST_78_06,CT900675,MARZO,,G_MMP,503975301,235729,1376991,"HELADOS SARITA, S.A. DE C.V.",BLVD BAYER/58-FI/0501/ANTIGUO CUSCATLAN/CIUDAD MERLIOT,LANDIS + GYR/CG51F4,1,AUTOCONTENIDA,
345,1,ST,AL012,ST_78,ST_78_14,DS900646,MARZO,,G_MBP,505195201,149741,1376994,"CONINCA, S.A. DE C.V.",CALLE CHAPARRASTIQUE/3-FI/0501/SANTA ELENA/URB INDUSTRIAL SANTA ELENA,SIEMENS/RXRS4 200A (233E),1,AUTOCONTENIDA,
347,1,ST,AL012,ST_78,ST_78_14,DS900686,MARZO,,G_MMP,503818702,149510,1375303,CO. INDUSTRIAS GIGANTES S.A. DE  C.V.,CALLE CHAPARRASTIQUE/500-FI/0501/SANTA ELENA/URB INDUSTRIAL SANTA ELENA,SIEMENS/RXRS4 200A (233E),1,AUTOCONTENIDA,
346,1,ST,AL012,ST_78,ST_78_14,DS901834,MARZO,,G_MBP,900093000,480655,1376468,GRUPO Q EL SALVADOR S.A. DE C.V.,CALLE CHAPARRASTIQUE/5-FI/0501/SANTA ELENA/URB INDUSTRIAL SANTA ELENA,SIEMENS/LIBRA (225AE),1,AUTOCONTENIDA,
367,1,ST,AL013,ST_78,ST_78_13,CT1335,MARZO,,E_1G,200004101,414485,1377477,ANDA RC. MENORES,CARRETERA AL PUERTO/9000-/0511/CANTON AYAGUALO/CANTON AYAGUALO,SIEMENS/LIBRA (233E),1,AUTOCONTENIDA,
368,1,ST,AL013,ST_78,ST_78_13,DS112887,MARZO,,G_MMP,511063301,149885,1377081,"GANTE, S.A. DE C.V.",1° AVENIDA NORTE/130-AREAS/0522/ZARAGOZA/PLAZA ZARAGOZA,LANDIS + GYR/RXRS4,1,AUTOCONTENIDA,
391,1,ST,AL014,ST_78,ST_78_16,CT10169,MARZO,,G_MMP,512527301,149699,1376363,CTE TELECOM PERSONAL S.A. DE C.V.,BLVD LUIS POMA/1- PJE P/0501/SANTA ELENA/URB MADRESELVA III,LANDIS + GYR/ALTIMUS RXR,1,AUTOCONTENIDA,
390,1,ST,AL014,ST_78,ST_78_15,CT900698,MARZO,,G_MMP,207047802,149204,1378553,GENERAL DE ACTIVOS S.A. DE C.V.,AVENIDA BOQUERON/6-BK A/0501/SANTA ELENA/RES BOSQUES DE SANTA ELENA II,LANDIS + GYR/ALTIMUS RXR,1,AUTOCONTENIDA,
374,1,ST,AL014,ST_01,ST_01_13,CT9185,MARZO,,G_MMH,508315501,1039743,1069508,CARLOS JOSE GUERRERO ZELAYA,CALZADA EL ALMENDRO/82-/0501/SANTA ELENA/URBANIZACION  MADRE SELVA,LANDIS + GYR/FOCUS RXR F16S,1,AUTOCONTENIDA,
375,1,ST,AL014,ST_01,ST_01_13,CT9185,MARZO,,G_MMH,508315401,149561,1378230,CIA AZUCARERA SALVADOREÑA S.A. DE C.V.,CALZADA EL ALMENDRO/100-/0501/SANTA ELENA/URBANIZACION  MADRE SELVA,SIEMENS/RXS4,1,AUTOCONTENIDA,
376,1,ST,AL014,ST_01,ST_01_13,CT9185,MARZO,,G_MMH,508315201,149686,1378230,CIA AZUCARERA SALVADOREÑA S.A. DE C.V.,CALZADA EL ALMENDRO/100-/0501/SANTA ELENA/URBANIZACION  MADRE SELVA,LANDIS + GYR/ALTIMUS RXR,1,AUTOCONTENIDA,
377,1,ST,AL014,ST_01,ST_01_13,DS100598,MARZO,,G_MMH,501994801,347244,1377905,"RG INVERSIONES, S.A. DE C.V.",AVENIDA BOQUERON/4-POL.B/0501/SANTA ELENA/URB INDUSTRIAL SANTA ELENA,LANDIS + GYR/RXRS4,1,AUTOCONTENIDA,
392,1,ST,AL014,ST_78,ST_78_17,DS109802,MARZO,,G_MMP,504694501,478613,1379794,"AUTOKIA,S.A. DE C.V.",CALLE  A SANTA TECLA/101-/0501/ANTIGUO CUSCATLAN/MULTIPLAZA PANAMERICANA,LANDIS + GYR/RXRS4,1,AUTOCONTENIDA,
395,1,ST,AL015,ST_01,ST_01_04,CT8984,ABRIL,,G_MMH,507389601,149692,1377711,INTERALIA LIMITADA C.V.,BLVD SANTA ELENA/5-LOCAL/0501/SANTA ELENA/URB SANTA ELENA,SIEMENS/RXRS4 200A (233E),1,AUTOCONTENIDA,
415,1,ST,AL015,ST_78,ST_78_15,CT900588,ABRIL,,G_MMP,503813301,289182,1378083,"TRANSBEL, S.A. DE C.V.",AVENIDA MIRAMUNDO/-31073-FI/0501/SANTA ELENA/SIERRA DE SANTA ELENA,LANDIS + GYR/RXRS4,1,AUTOCONTENIDA,
419,1,ST,AL016,ST_13,ST_13_01,CT900386,ABRIL,,G_MMH,509716701,149834,1374874,INVERSIONES BOLIVAR S.A. DE C.V.,CALLE CHILTIUPAN/11111-FIC/0511/SANTA TECLA/CTRO COM PLAZA MERLIOT,SIEMENS/RXRS4 200A (233E),1,AUTOCONTENIDA,
491,1,ST,AL017,ST_78,ST_78_03,CT10102,ABRIL,,G_MMP,519885301,1039702,1376697,SERVICIOS DE ALIMENTOS S.A. DE C.V.,CALLE AL PUERTO/95-KM. 11/0511/SANTA TECLA/ZONA IND. CARRETERA AL PUERTO,LANDIS + GYR/FOCUS RXR F16S,1,AUTOCONTENIDA,
493,1,ST,AL017,ST_78,ST_78_09,DS111328,MAYO,,G_MMP,507472901,1103951,1377723,"INTELFON, S.A. DE C.V.",CALLE EL PEDREGAL/100-ANTENA/0501/ANTIGUO CUSCATLAN/FINCA EL ESPINO,LANDIS + GYR/E650 S4x RXR F12S,1,AUTOCONTENIDA,
448,1,ST,AL017,ST_06,ST_06_08,DS111377,MAYO,,G_MBH,201116201,148433,1219755,JINGY YI LI,CALLE CHILTIUPAN/6-PG  A/0511/CIUDAD MERLIOT/JARDINES DE MERLIOT,SIEMENS/RXS4,1,AUTOCONTENIDA,
492,1,ST,AL017,ST_78,ST_78_09,DS111902,MAYO,,G_MBP,601865700,1104334,1376657,ETESAL S.A. DE C.V.,BLVD CANCILLERIA/7844- FIC/0501/ANTIGUO CUSCATLAN/FINCA EL ESPINO,LANDIS + GYR/E650 S4x RXR F12S,1,AUTOCONTENIDA,
501,1,ST,AL201,ST_04,ST_04_13,CT6989,MAYO,,G_MMH,506303801,149148,1378058,SERVICIOS TECNICOS AVICOLAS S.A. DE C.V.,CALLE 1/230-/0503/CANTON HACIENDA NUEVA/LOTIFICACION LAS ARBOLEDAS,SIEMENS/RXS4,1,AUTOCONTENIDA,
527,1,ST,AL202,ST_78,ST_78_11,DS107849,MAYO,,E_1G,502983901,1039664,1378304,ANDA REGION CENTRAL (MAYORES),CALLE PRINCIPAL A TEPECOYO/200-/0521/TEPECOYO RURAL/COMUNIDAD TZI TZU,LANDIS + GYR/FOCUS RXR F16S,1,AUTOCONTENIDA,
528,1,ST,AL202,ST_78,ST_78_11,DS108474,MAYO,,E_MMP,502215001,149450,1378304,ANDA REGION CENTRAL (MAYORES),CALLE PRINCIPAL A TEPECOYO/9000-FI/0521/TEPECOYO RURAL/COMUNIDAD TZI TZU,SIEMENS/RXRS4 200A (233E),1,AUTOCONTENIDA,
532,1,ST,AL203,ST_78,ST_78_10,DS104958,MAYO,,G_MMP,207062501,149779,1186311,GUILLERMO ROBERTO GARCIA ALVARADO,CALLE A CANTON LAS FLORES/-31073-FI/0507/JAYAQUE/CANTON LAS FLORES,LANDIS + GYR/RXRS4,1,AUTOCONTENIDA,
552,1,ST,Por definir,ST_78,ST_78_09,Por definir,MAYO,,G_MMP,601790700,149676,1378327,"GALMACO, S.A. DE C.V.",14° AVENIDA NORTE/3A1-3A2b/0511/SANTA TECLA/CONDOMINIO NUVA 112 I,LANDIS + GYR/RXRS4,1,AUTOCONTENIDA,
202,2,SS,AL022,SS_78,SS_78_09,CT6326,JUNIO,,G_MMP,502830201,149876,1376805,BANCO SALVADOREÑO,CALLE A SAN MARCOS/101-/0612/SAN MARCOS/COLONIA EL MILAGRO,SIEMENS/RXRS4 200A (233E),1,AUTOCONTENIDA,
201,2,SS,AL022,SS_78,SS_78_07,DS902711,JUNIO,,G_MMP,200044601,149590,1377990,ISRI CENTRO DEL APARATO LOCOMOTOR,AVENIDA IRAZU/150-./0614/COLONIA COSTA RICA/COLONIA COSTA RICA,SIEMENS/RXRS4 200A (233E),1,AUTOCONTENIDA,
233,2,SS,AL041,SS_78,SS_78_04,CT101758,JUNIO,,E_MMP,200001701,15070,1376106,ANDA R. METROPOLITANA MAYORES,CALZADA GUARDABARRANCO/-31073-/0614/ALTAMIRA/URB LOMAS DE ALTAMIRA,GENERAL ELECTRIC/KV,1,AUTOCONTENIDA,
209,2,SS,AL041,SS_01,SS_01_01,DS101304,JULIO,,G_MBH,507811901,350199,1378180,MATRICERIA INDUSTRIAL SALVADOREÑA S.A. D,15° AVENIDA SUR/916-BIS/0614/BARRIO SANTA ANITA/COLONIA SANTA ANITA,ELSTER/,1,AUTOCONTENIDA,
232,2,SS,AL041,SS_78,SS_78_04,DS101400,JULIO,,E_MBP,200001801,149519,1376106,ANDA R. METROPOLITANA MAYORES,CALLE VIVERO/-31073-FI/0614/ALTAMIRA/RES LOS ELISEOS,LANDIS + GYR/RXRS4,1,AUTOCONTENIDA,
234,2,SS,AL042,SS_03,SS_03_08,DS101634,JULIO,,E_MMH,503962101,235736,1376106,ANDA R. METROPOLITANA MAYORES,PASAJE LAS MARGARITAS/100-/0614/URB LA CIMA/JARDINES DE LA CIMA,LANDIS + GYR/RXRS4,1,AUTOCONTENIDA,
239,2,SS,AL042,SS_78,SS_78_06,DS901078,JULIO,,E_MMP,203698201,149133,1375906,ANDA R. METROPOLITANA MENORES,AVENIDA  TEOTL/25609-/0501/ANTIGUO CUSCATLAN/URB CUMBRES DE CUSCATLAN,LANDIS + GYR/RXRS4,1,AUTOCONTENIDA,
238,2,SS,AL042,SS_78,SS_78_06,DS901119,JULIO,,E_MMP,200025901,1039687,1376106,ANDA R. METROPOLITANA MAYORES,PASAJE 12/13-/0614/URB LA CIMA/URB LA CIMA III,SIEMENS/LIBRA (233E),1,AUTOCONTENIDA,
262,2,SS,AL081,SS_11,SS_11_06,CT6913,JULIO,,G_MMH,502584701,148619,1376704,"EMPRESAS ADOC, S.A. DE C.V.",CARRETERA DE ORO/11-SECT C/0607/URB ALTAVISTA/URB ALTAVISTA I,SIEMENS/RXS4,1,AUTOCONTENIDA,
263,2,SS,AL081,SS_11,SS_11_06,CT6913,JULIO,,G_MMH,502622401,148621,1376352,ROSALES AMPLIFOTO S.A. DE C.V.,CARRETERA DE ORO/8-SECTOR C/0607/URB ALTAVISTA/URB ALTAVISTA I,SIEMENS/RXS4,1,AUTOCONTENIDA,
261,2,SS,AL081,SS_11,SS_11_06,CT6915,JULIO,,E_MMH,502663701,148393,1376441,SISTEMAS COMESTIBLES S.A. DE C.V.,CARRETERA DE ORO/18-SECT B/0607/URB ALTAVISTA/URB ALTAVISTA I,SIEMENS/RXS4,1,AUTOCONTENIDA,
267,2,SS,AL081,SS_78,SS_78_11,CT6915,JULIO,,G_MMH,502611901,148622,1376757,"BANCO AGRICOLA, S.A.",CARRETERA DE ORO/1-/0607/URB ALTAVISTA/URB ALTAVISTA I,SIEMENS/RXS4,1,AUTOCONTENIDA,
268,2,SS,AL081,SS_78,SS_78_11,CT6915,JULIO,,G_MMH,502560001,235804,1376284,ALIMENTOS Y TURISMO S.A. DE C.V.,CARRETERA DE ORO/1-/0607/URB ALTAVISTA/URB ALTAVISTA I,LANDIS + GYR/RXRS4,1,AUTOCONTENIDA,
269,2,SS,AL081,SS_78,SS_78_11,CT6915,JULIO,,E_MMH,502663901,149562,1376441,SISTEMAS COMESTIBLES S.A. DE C.V.,CARRETERA DE ORO/1-/0607/URB ALTAVISTA/URB ALTAVISTA I,LANDIS + GYR/ALTIMUS RXR,1,AUTOCONTENIDA,
281,2,SS,AL121,SS_18,SS_18_05,CT30700,JULIO,,G_MMH,514939901,347377,1377549,DIRECCION REGIONAL DE SALUD METROPOLITAN,CALLE A SAN ISIDRO/1111-/0610/PANCHIMALCO/CANTON SAN ISIDRO,LANDIS + GYR/ALTIMUS RXR,1,AUTOCONTENIDA,
284,2,SS,AL122,SS_78,SS_78_08,CT10265,JULIO,,G_MMP,510872702,347214,1375913,ALCALDIA MUNICIPAL DE ROSARIO DE MORA,CALLE DEL JUTILLO/101-BOMBA/0611/ROSARIO DE MORA/CANTON EL JUTILLO,LANDIS + GYR/ALTIMUS RXR,1,AUTOCONTENIDA,
286,2,SS,AL271,SS_78,SS_78_10,CT27124,JULIO,,G_MMP,200046601,149452,1266937,MILTON GUSTAVO CRUZ LARA,AUTOPISTA COMALAPA/999-KM 185/0616/SANTO TOMAS/COLONIA VIRGINIA,LANDIS + GYR/RXRS4,1,AUTOCONTENIDA,
39,3,OP,AL193,OP_78,OP_78_01,CT32174,JULIO,,G_MMP,516377601,415063,1376925,CUSCATLAN LOGISTICS S.A. DE C.V.,CALLE A SANTA ANA/9115-FI/0503/CANTON LAS ANGOSTURAS/LAS ANGOSTURAS,LANDIS + GYR/ALTIMUS RXR,1,AUTOCONTENIDA,
41,3,OP,AL193,OP_78,OP_78_01,CT32336,JULIO,,G_MMP,600075300,1039601,1295841,ENCARNACION CASTRO VDA DE AGUIRRE,CALLE A SANTA ANA/9115-F/0503/CANTON LAS ANGOSTURAS/LAS ANGOSTURAS,LANDIS + GYR/FOCUS RXR F12S,1,AUTOCONTENIDA,
38,3,OP,AL193,OP_78,OP_78_01,DS115007,JULIO,,G_GMH,516323401,289187,1375170,PARQUE INDUSTRIAL EL PROGRESO S.A. DE C.,CALLE A SANTA ANA/9115-FI/0503/CANTON LAS ANGOSTURAS/LAS ANGOSTURAS,LANDIS + GYR/ALTIMUS RXR,1,AUTOCONTENIDA,
36,3,OP,AL193,OP_78,OP_78_01,DS115008,JULIO,,G_GMH,516377201,347222,1375170,PARQUE INDUSTRIAL EL PROGRESO S.A. DE C.,CALLE A SANTA ANA/9115-FI/0503/CANTON LAS ANGOSTURAS/LAS ANGOSTURAS,LANDIS + GYR/RXRS4,1,AUTOCONTENIDA,
37,3,OP,AL193,OP_78,OP_78_01,DS115010,JULIO,,G_GMH,516323301,415168,1375170,PARQUE INDUSTRIAL EL PROGRESO S.A. DE C.,CALLE A SANTA ANA/9115-FI/0503/CANTON LAS ANGOSTURAS/LAS ANGOSTURAS,LANDIS + GYR/RXRS4,1,AUTOCONTENIDA,
26,3,OP,AL181,OP_78,OP_78_03,DS113962,AGOSTO,,G_MMP,510425301,149715,1377092,ADESCO SAN ISIDRO LEMPA,CALLE C/9201-FI/0517/CANTON SAN ISIDRO LEMPA/CASERIO SAN ISIDRO LEMPA,LANDIS + GYR/ALTIMUS RXR,1,AUTOCONTENIDA,
40,3,OP,AL193,OP_78,OP_78_01,CT32165,AGOSTO,,G_MMP,518470501,414516,1379535,"TEXTILES OPICO, S.A. DE C.V.",CALLE A SANTA ANA/9100-FI/0503/CANTON LAS ANGOSTURAS/LAS ANGOSTURAS,SIEMENS/LIBRA (233E),1,AUTOCONTENIDA,
60,3,OP,AL251,OP_78,OP_78_03,CT30166,AGOSTO,,G_MMP,513631401,321909,1361382,"MONELCA, S.A. DE C.V.",CARRETERA A TACACHICO/9108-FI/0515/CANTON BARRANCA HONDA/CASERIO LOS PALMITOS,LANDIS + GYR/ALTIMUS RXR,1,AUTOCONTENIDA,
54,3,OP,AL251,OP_78,OP_78_02,CT31749,AGOSTO,,G_MMP,518383401,414460,1376421,PRODUCTOS ALIMENTICIOS SELLO DE ORO S.A.,CALLE PRINCIPAL/9000-/0515/SAN JUAN OPICO/LOTIFICACION LAS VICTORIAS.,SIEMENS/LIBRA (233E),1,AUTOCONTENIDA,
55,3,OP,AL251,OP_78,OP_78_02,CT31749,AGOSTO,,G_MMP,518383501,478735,1376421,PRODUCTOS ALIMENTICIOS SELLO DE ORO S.A.,CALLE PRINCIPAL/9000-/0515/SAN JUAN OPICO/LOTIFICACION LAS VICTORIAS.,SIEMENS/LIBRA (233E),1,AUTOCONTENIDA,
57,3,OP,AL251,OP_78,OP_78_03,CT3710,AGOSTO,,E_1G,200005801,10360,1378304,ANDA REGION CENTRAL (MAYORES),2° CALLE ORIENTE/-31073-FI/0517/SAN PABLO TACACHICO/TACACHICO,SCHLUMBERGER/SL6A,1,AUTOCONTENIDA,
59,3,OP,AL251,OP_78,OP_78_03,CT7516,AGOSTO,,G_MMP,209738501,4206212,1378580,ASOCIACION ACASAMAPA,CALLE A LA BOMBA/10-FI/0516/CANTON MASAJAPA/CASERIO MASAJAPA,SANGAMO/SL6DS,1,AUTOCONTENIDA,
51,3,OP,AL251,OP_78,OP_78_02,CT901981,AGOSTO,,G_MMP,211057801,235754,1376830,ACASA JOCE,CALLE A/9999-FI/0515/CANTON JOYA DE CEREN/JOYA DE CEREN,LANDIS + GYR/ALTIMUS RXR,1,AUTOCONTENIDA,
56,3,OP,AL251,OP_78,OP_78_02,CT9997,AGOSTO,,E_MMP,510408001,1103765,1378304,ANDA REGION CENTRAL (MAYORES),CALLE PRINCIPAL/9201- FI/0515/SAN JUAN OPICO/CASERIO LA PLAYA,LANDIS + GYR/E650 S4x RXR F16S,1,AUTOCONTENIDA,
58,3,OP,AL251,OP_78,OP_78_03,DS103593,AGOSTO,,E_1G,200005901,10366,1378304,ANDA REGION CENTRAL (MAYORES),CALLE A LA BOMBA/-31073-FI/0517/SAN PABLO TACACHICO/TACACHICO,SCHLUMBERGER/SL6A,1,AUTOCONTENIDA,
52,3,OP,AL251,OP_78,OP_78_02,DS107620,AGOSTO,,G_MMP,211057901,347285,1114172,ACASA JOCE,CALLE PRINCIPAL LA RANCHERIA/-31073-FI/0515/CANTON JOYA DE CEREN/CASERIO LA RANCHERIA,LANDIS + GYR/ALTIMUS RXR,1,AUTOCONTENIDA,
53,3,OP,AL251,OP_78,OP_78_02,DS107650,AGOSTO,,G_MMP,211058001,149793,1376834,ASOC. DE DESARR.COMUN.CRIO. EL ESPINO,CALLE PRINCIPAL/-31073-FI/0515/CANTON CHANTUSNENE/LOMAS DEL ESPINO,LANDIS + GYR/RXRS4,1,AUTOCONTENIDA,
71,3,QZ,AL091,QZ_78,QZ_78_02,CT3050,AGOSTO,,G_MMP,209738101,149730,1114415,ASOC. DE DESARROLLO COMUNAL MILAGRO,CALLE FRENTE A ESCUELA/9999-FI/0512/CANTON PRIMAVERA/MILAGRO DE LA ROCA,LANDIS + GYR/ALTIMUS RXR,1,AUTOCONTENIDA,
72,3,QZ,AL091,QZ_78,QZ_78_02,DS113820,AGOSTO,,G_MMP,513646001,321978,1320463,RAMON MIGUEL VIDRI LADOUCER,CALLE A FINCA MONTERRICO/9186-FI/0512/CANTON PRIMAVERA/PRIMAVERA SUR,SIEMENS/RXRS4 200A (233E),1,AUTOCONTENIDA,
74,3,QZ,AL194,QZ_78,QZ_78_02,CT19322,AGOSTO,,G_MMP,210871701,1039736,1375146,ADESCO CASERIO ARENERA,CALLE A VALLE NUEVO/9112-FI/0515/CANTON LAS DELICIAS/CASERIO LA ARENERA,LANDIS + GYR/FOCUS RXR F16S,1,AUTOCONTENIDA,
14,4,LL,AL013,LL_78,LL_78_02,DS104189,AGOSTO,,E_MBP,207614901,1039679,1378304,ANDA REGION CENTRAL (MAYORES),7A AVENIDA SUR/25616-/0509/LA LIBERTAD/BARRIO EL CALVARIO,LANDIS + GYR/FOCUS RXR F16S,1,AUTOCONTENIDA,
17,4,LL,AL121,LL_78,LL_78_02,DS901241,AGOSTO,,G_MMP,208383301,15134,1376813,ADESCOCVAN,CALLE LA BOMBA/-31073-FI/0509/LA LIBERTAD/CANTON VALLE NUEVO,GENERAL ELECTRIC/KV,1,AUTOCONTENIDA,
19,4,LL,AL123,LL_78,LL_78_02,DS107411,AGOSTO,,G_MMP,208383201,414557,1220755,ASOC.COOP.LA REF. AGRARIA MELARA,CARRETERA LITORAL/-31073-FI/0509/LA LIBERTAD/HDA. MELARA,SIEMENS/LIBRA (233E),1,AUTOCONTENIDA,
20,4,LL,AL123,LL_78,LL_78_02,DS901291,AGOSTO,,G_MMP,208383901,350054,1376816,ADESCO COMUNIDAD SANTA CRUZ,CALLE CENTRAL DEL CAMPO/-31073-FI/0509/LA LIBERTAD/CANTON SANTA CRUZ,ELSTER/,1,AUTOCONTENIDA,
21,4,LL,AL172,LL_78,LL_78_01,CT5345,AGOSTO,,E_MMP,208382001,350194,1378304,ANDA REGION CENTRAL (MAYORES),VEREDA DE JICALAPA A CUPA/-31073-FI/0508/JICALAPA/CASERIO CUPA,ELSTER/,1,AUTOCONTENIDA,
24,4,LL,Por definir,LL_78,LL_78_02,Por definir,AGOSTO,,G_MMP,600710500,1039480,2009420,"MVP MERIDIAN EXCHANGE, SOCIEDAD ANONIMA",CALLE PRINCIPAL/999 FICT/0509/CANTON CANGREJERA/LOTIFICACION  LAS MESAS,LANDIS + GYR/FOCUS RXR F12S,1,AUTOCONTENIDA,
87,4,RP,AL111,RP_78,RP_78_03,DS104711,SEPTIEMBRE,,G_MMP,218183701,15126,1379209,ASOCIACION COMUNAL ACASAP,CALLE PRINCIPAL/-31073-FI/0801/CANTON CUYULTITAN/CANTON SAN ANTONIO,GENERAL ELECTRIC/KV,1,AUTOCONTENIDA,
90,4,RP,AL112,RP_78,RP_78_03,CT7433,SEPTIEMBRE,,G_MMP,218179101,1103779,1376811,ADESCOELCAR I.,CARRETERA EL LITORAL/-3101-/0815/SAN PEDRO MASAHUAT/CANTON EL CARMEN,LANDIS + GYR/E650 S4x RXR F16S,1,AUTOCONTENIDA,
89,4,RP,AL112,RP_78,RP_78_03,DS104738,SEPTIEMBRE,,G_MMP,208383701,15072,1113667,ASOC.DE DESARROLLO COMUNAL BARAHONA,CALLE A CANTON LA SABANA/-31073-FI/0815/CANTON BARAHONA/CASERIO BARAHONA,GENERAL ELECTRIC/KV,1,AUTOCONTENIDA,
98,4,RP,AL121,RP_78,RP_78_05,DS901260,SEPTIEMBRE,,G_MMP,218184101,1104175,1113631,JUAN MIGUEL MOLINA,CARRETERA PUERTO LA LIBERTAD/-31073-FI/0805/OLOCUILTA/CASERIO SANTO TOMAS,LANDIS + GYR/E650 S4x RXR F16S,1,AUTOCONTENIDA,
97,4,RP,AL121,RP_78,RP_78_05,DS901266,SEPTIEMBRE,,G_MMP,218184001,1039677,1113601,MIGUEL ANGEL MARTINEZ,CARRETERA PUERTO LA LIBERTAD/-31073-/0805/OLOCUILTA/CASERIO SANTO TOMAS,LANDIS + GYR/FOCUS RXR F16S,1,AUTOCONTENIDA,
109,4,RP,AL151,RP_78,RP_78_01,CT32379,SEPTIEMBRE,,G_MMP,600011600,1039593,1376159,"ZONA FRANCA DE EXPORTACION EL PEDREGAL,",CARRETERA A LA HERRADURA/NAVE 4D/0802/EL ROSARIO DE LA PAZ/CASERIO EL PREDREGAL,LANDIS + GYR/FOCUS RXR,1,AUTOCONTENIDA,
110,4,RP,AL151,RP_78,RP_78_01,CT3512,SEPTIEMBRE,,G_MMP,600498700,1103836,1376159,"ZONA FRANCA DE EXPORTACION EL PEDREGAL,",CARRETERA A LA HERRADURA/NAVE 3D/0802/EL ROSARIO DE LA PAZ/CASERIO EL PREDREGAL,LANDIS + GYR/E650 S4x RXR F12S,1,AUTOCONTENIDA,
108,4,RP,AL151,RP_78,RP_78_01,DS115585,SEPTIEMBRE,,G_MMP,519211501,480765,1376159,"ZONA FRANCA DE EXPORTACION EL PEDREGAL,",2° CALLE/5-B/0802/CANTON EL PEDREGAL/ZONA FRANCA EL PEDREGAL,SIEMENS/LIBRA (225AE),1,AUTOCONTENIDA,
127,4,RP,AL212,RP_78,RP_78_05,DS104433,SEPTIEMBRE,,G_MBP,510394301,265780,1113776,ASOC. DE DESARROLLO COMUNAL CANTON LAS F,CALLE A  ASTORIAS/-31073-FI/0815/CANTON LAS FLORES/CANTON LAS FLORES,ELSTER/,1,AUTOCONTENIDA,
143,4,RP,AL221,RP_78,RP_78_04,CT8827,SEPTIEMBRE,,G_MMP,507243401,149061,1377246,ALMACENADORA INTERNACIONAL S.A. DE C.V.,CALLE PRINCIPAL/9116-FI/0805/CANTON CUPINCO/ZONA FRANCA INTERNACIONAL,LANDIS + GYR/RXRS4,1,AUTOCONTENIDA,
146,4,RP,AL222,RP_78,RP_78_03,CT6242,SEPTIEMBRE,,G_MMP,509666301,322255,1375716,DIREC. DEPTAL DE EDUCACION LA PAZ PARACE,CARRETERA LITORAL/123-/0805/OLOCUILTA/LOTIFICACION CASA LOMA,LANDIS + GYR/RXRS4,1,AUTOCONTENIDA,
144,4,RP,AL222,RP_01,RP_01_03,DS106271,SEPTIEMBRE,,G_MMH,218183601,149505,1375664,ALCALDIA MUNICIPAL DE CUYULTITAN,AUTOPISTA A COMALAPA/-3105-/0805/OLOCUILTA/CANTON LA ESPERANZA,LANDIS + GYR/ALTIMUS RXR,1,AUTOCONTENIDA,
147,4,RP,AL222,RP_78,RP_78_03,DS112517,SEPTIEMBRE,,G_MMP,510994401,414563,1200584,ASABARCLE OLOCUILTA LA PAZ,AUTOPISTA A COMALAPA/-3103-/0805/OLOCUILTA/CANTON LA ESPERANZA,SIEMENS/LIBRA (233E),1,AUTOCONTENIDA,
614,5,ZC,AL061,ZC_78,ZC_78_02,CT9730,NOVIEMBRE,,G_MMP,900275500,1103929,2018831,"TELEMOVIL EL SALVADOR, S.A. DE C.V. TIGO",CARRETERA LITORAL/150-KM 73/1011/CANTON SANTA CRUZ PORRILLO/COLONIA CENTA,LANDIS + GYR/E650 S4x RXR F12S,1,AUTOCONTENIDA,
623,5,ZC,AL062,ZC_78,ZC_78_02,CT10777,NOVIEMBRE,,G_MMP,511917201,278482,1375716,DIREC. DEPTAL DE EDUCACION LA PAZ PARACE,AVENIDA ALBERTO MASFERRER/250-/0817/SAN RAFAEL OBRAJUELO/BARRIO EL CENTRO,LANDIS + GYR/RXRS4,1,AUTOCONTENIDA,
621,5,ZC,AL062,ZC_78,ZC_78_01,CT30002,NOVIEMBRE,,G_MMP,512979301,1039417,1378939,"S.A.C.  INTEGRAL, S.A.",AVENIDA JOSE SIMEON CA?AS/8-A/0821/ZACATECOLUCA/BARRIO EL CENTRO,LANDIS + GYR/FOCUS RXR F12S,1,AUTOCONTENIDA,
622,5,ZC,AL062,ZC_78,ZC_78_02,CT7806,NOVIEMBRE,,E_GMH,214176302,106117,1378304,ANDA REGION CENTRAL (MAYORES),3° CALLE PONIENTE/28-/0817/SAN RAFAEL OBRAJUELO/BARRIO EL CALVARIO,LANDIS + GYR/RXRS4,1,AUTOCONTENIDA,
624,5,ZC,AL062,ZC_78,ZC_78_04,CT9589,NOVIEMBRE,,G_GMH,509738101,214485,1374695,OPERADORA DEL SUR S.A. DE C.V.,CALLE JOSE SIMEON CA?AS/1000-/0819/SANTIAGO NONUALCO/BARRIO EL CENTRO,LANDIS + GYR/RXRS4,1,AUTOCONTENIDA,
625,5,ZC,AL071,ZC_78,ZC_78_04,DS108742,NOVIEMBRE,,G_MMP,215773301,1103772,1376838,ASOC.DE DESARROLLO COMUNAL CANTON EL CHA,CALLE PRINCIPAL/-31073-FI/0818/CANTON EL CHAPERNO/CASERIO EL CHAPERNO,LANDIS + GYR/E650 S4x RXR F16S,1,AUTOCONTENIDA,
629,5,ZC,AL131,ZC_78,ZC_78_03,CT9545,NOVIEMBRE,,G_MMP,900275200,478601,2018831,"TELEMOVIL EL SALVADOR, S.A. DE C.V. TIGO",CALLE PRINCIPAL/500-/0822/SAN LUIS LA HERRADURA/LOTIFICACION BELLAMAR,LANDIS + GYR/ALTIMUS RXR,1,AUTOCONTENIDA,
630,5,ZC,AL132,ZC_78,ZC_78_03,CT9586,NOVIEMBRE,,G_MMP,900275100,1103890,2018831,"TELEMOVIL EL SALVADOR, S.A. DE C.V. TIGO",BLVD COSTA DEL SOL/100-/0815/CANTON SAN MARCELINO/PLAYA SAN MARCELINO,LANDIS + GYR/E650 S4x RXR F12S,1,AUTOCONTENIDA,
635,5,ZC,AL133,ZC_78,ZC_78_03,DS902185,NOVIEMBRE,,G_MMP,208383601,415197,1377597,ADESCOCLI. CTON.LAS ISLETAS,CALLE PRINCIPAL/-31073-FI/0815/CANTON LAS ISLETAS/CASERIO LAS ISLETAS,SIEMENS/RXRS4 200A (233E),1,AUTOCONTENIDA,
646,5,ZC,AL152,ZC_78,ZC_78_04,DS104482,NOVIEMBRE,,G_MMP,600362000,1039655,2005583,ADESCO DEL CANTON LA COMUNIDAD,CALLE PRINCIPAL/101-FIC/0816/CANTON LA COMUNIDAD/CASERIO LA COMUNIDAD,LANDIS + GYR/FOCUS RXR F16S,1,AUTOCONTENIDA,
648,5,ZC,Por definir,ZC_78,ZC_78_04,Por definir,NOVIEMBRE,,G_MMP,601032500,1039706,1112925,REYES DE PAZ PRADO,CALLE PRINCIPAL/10077-FI/0816/CANTON HACIENDA VIEJA/LOMA HACIENDA VIEJA,LANDIS + GYR/FOCUS RXR F16S,1,AUTOCONTENIDA,
556,6,SV,AL051,SV_78,SV_78_02,CT10681,NOVIEMBRE,,G_MMP,511651501,1103802,1378621,ACOPANELA DE R L,5° CALLE ORIENTE/100-/1013/VERAPAZ/BARRIO EL CALVARIO,LANDIS + GYR/E650 S4x RXR F16S,1,AUTOCONTENIDA,
560,6,SV,AL051,SV_78,SV_78_05,CT30872,NOVIEMBRE,,G_MMP,515516101,350185,1375986,ALCALDIA MUNICIPAL DE SAN CAYETANO,CALLE A TEPETITAN/9-KM 67/1003/SAN CAYETANO ISTEPEQUE/LOTIFICACION LA ENTREVISTA,ELSTER/,1,AUTOCONTENIDA,
557,6,SV,AL051,SV_78,SV_78_02,CT3679,NOVIEMBRE,,G_MMP,518097201,1103789,1375962,ALCALDIA MUNICIPAL DE GUADALUPE,CALLE A GUADALUPE/400-/1002/CANTON SAN ANTONIO LOS RANCHOS/CANTON SAN ANTONIO LOS RANCHO,LANDIS + GYR/E650 S4x RXR F16S,1,AUTOCONTENIDA,
554,6,SV,AL051,SV_78,SV_78_02,CT3864,NOVIEMBRE,,G_MMP,212970101,350174,1316754,ASOC. DEL DESARROLLO COMUNAL CANTON EL E,CALLE A MERCEDES LA CEIBA/-31073-FI/0803/CANTON LOS ROMERO/CANTON LOS ROMEROS,ELSTER/,1,AUTOCONTENIDA,
555,6,SV,AL051,SV_78,SV_78_02,CT5865,NOVIEMBRE,,G_MMP,503499501,326915,1375244,DEPARTAMENTAL EDUCACION. SN.VICENTE PARA,3° AVENIDA NORTE/22-/1013/VERAPAZ/BARRIO SAN MIGUELITO,LANDIS + GYR/ALTIMUS RXR,1,AUTOCONTENIDA,
559,6,SV,AL051,SV_78,SV_78_05,CT5989,NOVIEMBRE,,G_MMP,503119701,106186,1210011,ACASA CANDELARIA ARRIBA SAN CAYETANO,CALLE PRINCIPAL/9146-FI/1003/CANTON CANDELARIA/CANTON CANDELARIA ARRIBA,LANDIS + GYR/ALTIMUS RXR,1,AUTOCONTENIDA,
558,6,SV,AL051,SV_78,SV_78_02,DS112503,NOVIEMBRE,,E_MMP,514624101,347256,1378304,ANDA REGION CENTRAL (MAYORES),SALIDA A LA LAGUNETA/5000-FI/1002/GUADALUPE/BARRIO EL CALVARIO,LANDIS + GYR/ALTIMUS RXR,1,AUTOCONTENIDA,
565,6,SV,AL052,SV_78,SV_78_05,CT10653,NOVIEMBRE,,G_MMP,500328201,289043,1376130,ALCALDIA MUNICIPAL DE TECOLUCA,CALLE PRINCIPAL/9015-FI/1011/TECOLUCA/BARRIO EL CALVARIO,LANDIS + GYR/ALTIMUS RXR,1,AUTOCONTENIDA,
570,6,SV,AL052,SV_78,SV_78_05,CT30765,NOVIEMBRE,,G_MMP,514979201,347262,1379213,ACOASA DIVINO NIÑO JESUS,CALLE A ZACATECOLUCA/4000-/1010/CANTON DOS QUEBRADAS/CASERIO LAS LOMAS,LANDIS + GYR/RXRS4,1,AUTOCONTENIDA,
571,6,SV,AL052,SV_78,SV_78_05,CT30984,NOVIEMBRE,,G_MMP,515783101,412086,1374327,INST.NAC.DE LOS DEPORTES DE EL SALVADOR,AVENIDA CRESCENCIO MIRANDA/500-/1010/SAN VICENTE/BARRIO SAN JUAN DE DIOS,LANDIS + GYR/RXRS4,1,AUTOCONTENIDA,
569,6,SV,AL052,SV_78,SV_78_05,CT31029,NOVIEMBRE,,G_MMP,515532001,350091,1376807,DIRECCION REGIONAL DE SALUD PARACENTRAL,CALLE A TECOLUCA KM 73/101-/1011/CANTON EL ARCO/COLONIA NUEVO TEHUACAN,ELSTER/,1,AUTOCONTENIDA,
566,6,SV,AL052,SV_78,SV_78_05,CT8885,NOVIEMBRE,,G_MMP,507438501,149072,1376130,ALCALDIA MUNICIPAL DE TECOLUCA,CALLE A ZACATECOLUCA/630-/1011/TECOLUCA/BARRIO EL CALVARIO,LANDIS + GYR/RXRS4,1,AUTOCONTENIDA,
568,6,SV,AL052,SV_78,SV_78_05,CT9745,NOVIEMBRE,,G_MMP,509768201,236094,1376767,"DIGICEL, S.A. DE C.V.",CALLE A TECOLUCA/1800-/1010/CANTON SAN DIEGO/CANTON SAN DIEGO,LANDIS + GYR/RXRS4,1,AUTOCONTENIDA,
564,6,SV,AL052,SV_78,SV_78_05,DS106928,NOVIEMBRE,,G_MBP,500546701,278552,1376130,ALCALDIA MUNICIPAL DE TECOLUCA,AVENIDA 14 DE DICIEMBRE/2-/1011/TECOLUCA/BARRIO EL CENTRO,LANDIS + GYR/RXRS4,1,AUTOCONTENIDA,
567,6,SV,AL052,SV_78,SV_78_05,DS110356,NOVIEMBRE,,G_MMP,506259101,478690,1375244,DEPARTAMENTAL EDUCACION. SN.VICENTE PARA,CALLE A ZACATECOLUCA/9125-FI/1011/TECOLUCA/BARRIO EL CALVARIO,LANDIS + GYR/ALTIMUS RXR,1,AUTOCONTENIDA,
563,6,SV,AL052,SV_78,SV_78_04,DS113535,NOVIEMBRE,,G_MMP,513251501,412107,1375865,DIRECCION REGIONAL DE SALUD PARACENTRAL,2° AVENIDA SUR/2000-/1010/SAN VICENTE/BARRIO SAN FRANCISCO,LANDIS + GYR/RXRS4,1,AUTOCONTENIDA,
582,6,SV,AL053,SV_78,SV_78_03,CT10553,NOVIEMBRE,,E_MMP,511576701,480612,1378304,ANDA REGION CENTRAL (MAYORES),CALLE A AMATITAN/5000-FI/1006/CANTON SAN ESTEBAN/CANTON SAN ESTEBAN,SIEMENS/LIBRA (233E),1,AUTOCONTENIDA,
584,6,SV,AL053,SV_78,SV_78_04,DS106795,NOVIEMBRE,,G_MMP,515448501,350130,1377100,MINISTERIO DE GOBERNACION Y DESARR. TERR,CALLE 1 DE JULIO/100-/1010/SAN VICENTE/BARRIO EL CENTRO,ELSTER/,1,AUTOCONTENIDA,
579,6,SV,AL053,SV_78,SV_78_03,DS107210,NOVIEMBRE,,G_MMP,212970001,235772,1376840,ADESCOSAG,CALLE PRINCIPAL/-31073-FI/1004/CANTON SANTA ROSA/CASERIO PILA DE CABALLO,LANDIS + GYR/RXRS4,1,AUTOCONTENIDA,
580,6,SV,AL053,SV_78,SV_78_03,DS112703,NOVIEMBRE,,G_MMP,510654301,350209,1376938,"PROMEHI, S.A. DE C.V.",CALLE PANAMERICANA/190-KM 62/1004/CANTON AGUA HELADA/CANTON AGUA HELADA,ELSTER/,1,AUTOCONTENIDA,
583,6,SV,AL053,SV_78,SV_78_04,DS114514,NOVIEMBRE,,G_MBP,515496501,478689,1376807,DIRECCION REGIONAL DE SALUD PARACENTRAL,2° AVENIDA SUR/188-/1010/SAN VICENTE/BARRIO SAN FRANCISCO,LANDIS + GYR/RXRS4,1,AUTOCONTENIDA,
581,6,SV,AL053,SV_78,SV_78_03,DS902563,DICIEMBRE,,E_MMP,200008901,350175,1378304,ANDA REGION CENTRAL (MAYORES),CALLE A AMATITAN/-31073-/1006/CIUDAD SAN ESTEBAN CATARINA/CASERIO SAN ESTEBAN,ELSTER/,1,AUTOCONTENIDA,
587,6,SV,AL071,SV_78,SV_78_01,CT9599,DICIEMBRE,,G_MMP,900275400,1103991,2018831,"TELEMOVIL EL SALVADOR, S.A. DE C.V. TIGO",CALLE PRINCIPAL/330-/0806/CANTON LOS ZACATALES/CANTON LOS ZACATALES,LANDIS + GYR/E650 S4x RXR F12S,1,AUTOCONTENIDA,
588,6,SV,AL071,SV_78,SV_78_01,DS902956,DICIEMBRE,,E_MMP,200007801,15071,1378304,ANDA REGION CENTRAL (MAYORES),CALLE PRINCIPAL/-31073-FI/0806/PARAISO DE OSORIO/BARRIO EL CALVARIO,GENERAL ELECTRIC/KV,1,AUTOCONTENIDA,
591,6,SV,AL072,SV_78,SV_78_01,CT9768,DICIEMBRE,,G_MMP,900275600,236096,2018831,"TELEMOVIL EL SALVADOR, S.A. DE C.V. TIGO",CALLE PRINCIPAL/288-/0712/CANTON SAN PEDRO/CANTON SAN PEDRO LOMA BAJA,LANDIS + GYR/RXRS4,1,AUTOCONTENIDA,
595,6,SV,AL161,SV_78,SV_78_02,DS107375,DICIEMBRE,,G_MMP,216400401,15157,1114498,JOSE DE LA CRUZ JOVEL,CALLE PRINCIPAL EL PARAISO/-31073-FI/1009/CANTON EL PARAISO/CASERIO LA COTORRA,GENERAL ELECTRIC/KV,1,AUTOCONTENIDA,
596,6,SV,AL162,SV_78,SV_78_01,DS106668,DICIEMBRE,,G_MMP,216400501,149551,1379085,SAN CRISTOBAL ASOC DE DESARROLLO COMUNAL,CALLE DESVIO EL CRUCITO/-31073-FI/0708/CANTON LA VIRGEN/CASERIO CRUCITO,LANDIS + GYR/RXRS4,1,AUTOCONTENIDA,
597,6,SV,AL162,SV_78,SV_78_02,DS115434,DICIEMBRE,,G_MMP,512969901,1103790,1144103,YONI REINERIO FUENTES MEJIA,CALLE PANAMERICANA/11-KM 50/1005/CANTON TALPETATES/CANTON TALPETATES,LANDIS + GYR/E650 S4x RXR F16S,1,AUTOCONTENIDA,
